Dr. B B Khatri, https://srhu.edu.in/himalayan-hospital
Dr. Rajeev Adhana,https://srhu.edu.in/himalayan-hospital
Dr. Vidit Tripathi,https://srhu.edu.in/himalayan-hospital
Dr. Arun Wadhawan,https://srhu.edu.in/himalayan-hospital
Dr. Neha Sood,https://srhu.edu.in/himalayan-hospital
Dr. Vineet Narula,https://srhu.edu.in/himalayan-hospital
Dr. Yogesh Jain,https://srhu.edu.in/himalayan-hospital
Dr. Rakesh Singh,https://srhu.edu.in/himalayan-hospital
Dr. Sudha Asokan,https://srhu.edu.in/himalayan-hospital
Dr. Mahesh Shah,https://srhu.edu.in/himalayan-hospital
Dr. S K Singh,7https://srhu.edu.in/himalayan-hospital
Dr. Sudhir Bhola,https://srhu.edu.in/himalayan-hospital
Dr. Jyoti Arora Monga,https://srhu.edu.in/himalayan-hospital
Dr. Vijay Abbot,https://srhu.edu.in/himalayan-hospital
Dr. Rakesh Gupta,https://srhu.edu.in/himalayan-hospital
Dr. Sugeeta Mutreja,https://srhu.edu.in/himalayan-hospital
Dr. Ruchi Gupta,https://srhu.edu.in/himalayan-hospital
Dr. Praveen Rustagi,https://srhu.edu.in/himalayan-hospital
Dr. S.K Kashyap,https://srhu.edu.in/himalayan-hospital
Dr. Nipun Jain,https://srhu.edu.in/himalayan-hospital
Dr. Rohit Batra,https://srhu.edu.in/himalayan-hospital
Dr. Lipy Gupta,https://srhu.edu.in/himalayan-hospital
Dr. Gaurav Garg,https://srhu.edu.in/himalayan-hospital
Dr. Parmil Kumar Sharma,https://srhu.edu.in/himalayan-hospital
Dr. Shruti Gupta,https://srhu.edu.in/himalayan-hospital
Dr. Manisha Chopra,https://srhu.edu.in/himalayan-hospital
Dr. Ranjan Upadhyay,https://srhu.edu.in/himalayan-hospital
Dr. Gayatri Bala Juneja,https://srhu.edu.in/himalayan-hospital